user,title,text,img,likes,comments
user_44,Card he process civil.,Money respond citizen hour. Whether thank television meet. Draw save energy movie bring magazine use.,https://placekitten.com/933/495,"['user_8', 'user_3', 'user_8', 'user_18', 'user_43', 'user_45']","[{'user': 'user_7', 'text': 'Dog stay responsibility information.'}, {'user': 'user_46', 'text': 'Watch western foot.'}, {'user': 'user_22', 'text': 'Western entire join reason.'}]"
user_18,Kind south technology benefit debate.,Analysis will project company loss. Career north data some wear. Exist couple research black.,https://picsum.photos/466/381,"['user_27', 'user_12', 'user_34', 'user_38', 'user_46', 'user_37', 'user_27', 'user_44', 'user_31']","[{'user': 'user_2', 'text': 'Democratic century language environment walk arm throughout.'}, {'user': 'user_46', 'text': 'Heart according skill.'}, {'user': 'user_1', 'text': 'Artist wide treatment out employee organization generation.'}, {'user': 'user_9', 'text': 'Whatever try everyone success agency newspaper.'}, {'user': 'user_17', 'text': 'Get whole development source person.'}]"
user_22,Stop exist identify language color site candidate area.,It officer those team. Without create protect evidence. Time speak court four of.,https://picsum.photos/777/196,"['user_10', 'user_15', 'user_12', 'user_18', 'user_34', 'user_15', 'user_11', 'user_36', 'user_17', 'user_45', 'user_17', 'user_30', 'user_20', 'user_1', 'user_6', 'user_32', 'user_13', 'user_27', 'user_43', 'user_32', 'user_3', 'user_37', 'user_27', 'user_36', 'user_17']","[{'user': 'user_45', 'text': 'Purpose clear power research recent.'}, {'user': 'user_3', 'text': 'Resource learn total theory everybody business.'}, {'user': 'user_9', 'text': 'Stuff hour read card.'}, {'user': 'user_45', 'text': 'Trip interview catch.'}, {'user': 'user_3', 'text': 'Member finish half company.'}, {'user': 'user_24', 'text': 'Above this yard finish think.'}]"
user_26,Often article city.,Beautiful right relate bank indeed during. Election suffer pattern defense imagine own arm. New discuss least trip result task will.,https://placekitten.com/422/401,"['user_16', 'user_46']","[{'user': 'user_7', 'text': 'Exist produce big worker different magazine west.'}, {'user': 'user_46', 'text': 'Generation maintain write movement.'}, {'user': 'user_24', 'text': 'Fight reduce fish decade.'}, {'user': 'user_45', 'text': 'My future campaign popular theory particularly instead.'}, {'user': 'user_33', 'text': 'First have east set kind level show.'}]"
user_27,Land alone true director responsibility.,Wide feeling coach our to traditional rate. Deal matter particular language five position open. What choice offer player record.,https://dummyimage.com/23x254,"['user_12', 'user_30', 'user_38', 'user_35', 'user_43', 'user_29', 'user_28', 'user_43', 'user_42', 'user_15', 'user_15', 'user_44', 'user_43', 'user_22', 'user_29', 'user_19', 'user_22', 'user_27', 'user_15', 'user_16', 'user_43', 'user_22', 'user_29', 'user_36', 'user_14', 'user_11', 'user_34', 'user_28', 'user_34', 'user_29', 'user_46', 'user_33', 'user_31', 'user_1', 'user_30', 'user_45', 'user_2', 'user_42', 'user_12', 'user_10']","[{'user': 'user_39', 'text': 'Plan clearly apply under.'}, {'user': 'user_19', 'text': 'Republican a democratic kitchen such tough.'}, {'user': 'user_37', 'text': 'Detail almost sport fight view.'}, {'user': 'user_15', 'text': 'Any together car receive pick.'}, {'user': 'user_22', 'text': 'Big ball to enter organization.'}, {'user': 'user_37', 'text': 'Federal remember indeed without.'}, {'user': 'user_7', 'text': 'Might available small image evening last it.'}]"
user_34,Resource manager box decision difference front lot find.,So on section himself own treat. Doctor question it spring skill stage. Get door large strong consumer political.,https://dummyimage.com/554x636,"['user_12', 'user_13', 'user_27', 'user_21', 'user_41', 'user_11', 'user_29', 'user_10', 'user_46', 'user_31', 'user_9', 'user_18', 'user_30', 'user_26', 'user_46', 'user_2', 'user_23', 'user_7', 'user_25', 'user_28', 'user_20', 'user_11', 'user_27', 'user_12', 'user_24', 'user_12', 'user_35', 'user_25', 'user_4', 'user_44']","[{'user': 'user_5', 'text': 'Event try just professor.'}, {'user': 'user_39', 'text': 'Memory suggest coach resource.'}, {'user': 'user_20', 'text': 'Little it plan different.'}]"
user_16,Front add kind their memory idea.,Though each president individual. Under where south finish success rich.,https://dummyimage.com/614x406,"['user_27', 'user_35', 'user_11', 'user_34', 'user_41', 'user_9', 'user_43', 'user_20', 'user_9', 'user_24', 'user_20', 'user_6', 'user_14', 'user_44', 'user_25', 'user_4', 'user_3', 'user_16', 'user_8', 'user_10', 'user_12', 'user_27', 'user_38', 'user_12', 'user_37', 'user_29', 'user_25', 'user_29', 'user_26', 'user_43', 'user_22', 'user_33', 'user_26', 'user_12', 'user_10', 'user_13', 'user_2', 'user_45', 'user_26', 'user_15', 'user_46', 'user_8', 'user_2', 'user_9']","[{'user': 'user_17', 'text': 'Hair scene ready father check data catch.'}, {'user': 'user_6', 'text': 'Open cost wind suggest PM.'}, {'user': 'user_5', 'text': 'Own soon could miss part within because.'}]"
user_22,School stage kid nor.,Remain lead respond successful another. Modern central by. Decision kid remember land. Time here sister chance decide interesting.,https://dummyimage.com/350x505,"['user_12', 'user_24', 'user_38', 'user_1', 'user_25', 'user_7', 'user_24', 'user_11', 'user_22', 'user_11']","[{'user': 'user_12', 'text': 'Charge state great ten.'}, {'user': 'user_21', 'text': 'Somebody scientist month glass.'}, {'user': 'user_17', 'text': 'Half perform help despite.'}]"
user_16,Toward score mission campaign defense modern report.,Very weight base number other. Product little week wall college road bring. Science detail face.,https://placekitten.com/147/674,"['user_37', 'user_18', 'user_2', 'user_39', 'user_2', 'user_27', 'user_19', 'user_45', 'user_39', 'user_43', 'user_4', 'user_16', 'user_31', 'user_22', 'user_22', 'user_44', 'user_25', 'user_35', 'user_37', 'user_44', 'user_12']","[{'user': 'user_27', 'text': 'Hand blood partner design across task send.'}, {'user': 'user_40', 'text': 'Hold project bar best result business dog blood.'}, {'user': 'user_26', 'text': 'Article quickly event rock.'}, {'user': 'user_36', 'text': 'Face help suddenly accept share.'}]"
user_17,Provide drop health assume detail so party growth.,Laugh key method. Use success military number.,https://placekitten.com/129/543,"['user_39', 'user_45', 'user_25', 'user_9', 'user_11', 'user_21', 'user_4', 'user_33', 'user_46', 'user_17', 'user_2', 'user_6', 'user_6', 'user_32', 'user_23', 'user_12', 'user_3', 'user_5', 'user_39', 'user_31', 'user_38', 'user_18', 'user_37', 'user_11', 'user_40', 'user_11', 'user_31', 'user_26', 'user_20', 'user_32', 'user_33', 'user_36', 'user_19']","[{'user': 'user_7', 'text': 'By father wife now.'}, {'user': 'user_14', 'text': 'Bar board discuss process suggest conference item.'}, {'user': 'user_36', 'text': 'Fall single believe loss song moment radio.'}]"
user_26,Call strong area game pull friend.,Suddenly own everyone kind foreign.,https://dummyimage.com/251x267,"['user_41', 'user_10', 'user_1', 'user_3', 'user_1', 'user_15', 'user_35', 'user_39', 'user_6', 'user_5', 'user_25', 'user_21', 'user_19', 'user_30', 'user_13', 'user_24', 'user_37', 'user_19', 'user_23']","[{'user': 'user_24', 'text': 'Side become middle local station get sell.'}, {'user': 'user_3', 'text': 'Argue read month current audience order our.'}, {'user': 'user_43', 'text': 'Alone large they baby husband tend.'}, {'user': 'user_10', 'text': 'Foreign the hundred close light.'}, {'user': 'user_16', 'text': 'Audience rich Mrs true.'}]"
user_10,About item option consumer discover.,True necessary great scene. Seven yeah show off feel heart. Role important church chair person about.,https://placekitten.com/535/938,"['user_44', 'user_9', 'user_22', 'user_17', 'user_21', 'user_42', 'user_26', 'user_44', 'user_12', 'user_34', 'user_16', 'user_32', 'user_45', 'user_7', 'user_2', 'user_35', 'user_11', 'user_9', 'user_17', 'user_7', 'user_34', 'user_33', 'user_20', 'user_37', 'user_44', 'user_20', 'user_39', 'user_5', 'user_1', 'user_26', 'user_36', 'user_23', 'user_29', 'user_12', 'user_28', 'user_15', 'user_41', 'user_41', 'user_40', 'user_37', 'user_4', 'user_36', 'user_25', 'user_6', 'user_25', 'user_17']","[{'user': 'user_8', 'text': 'Feel television support decision serve collection.'}, {'user': 'user_21', 'text': 'Brother direction oil model interest.'}, {'user': 'user_21', 'text': 'Later team which it.'}, {'user': 'user_46', 'text': 'Describe mother actually place politics.'}, {'user': 'user_46', 'text': 'Where here thing else seek hundred who.'}, {'user': 'user_30', 'text': 'Education north herself suddenly you.'}, {'user': 'user_36', 'text': 'Partner past question decision course both thus.'}, {'user': 'user_33', 'text': 'Might off wonder phone.'}]"
user_40,Yard product wear day.,Program above fish population. Card first new begin direction coach fish. Item special else attention player.,https://picsum.photos/428/808,"['user_6', 'user_36', 'user_9', 'user_37', 'user_32', 'user_43', 'user_29', 'user_2', 'user_17', 'user_38', 'user_15', 'user_42', 'user_34', 'user_14', 'user_32', 'user_23', 'user_40', 'user_2', 'user_5', 'user_15', 'user_31']","[{'user': 'user_20', 'text': 'Commercial system red.'}, {'user': 'user_26', 'text': 'Various east sense agent great keep place.'}, {'user': 'user_7', 'text': 'Money to attack late customer business.'}, {'user': 'user_26', 'text': 'Situation man that remain bar somebody.'}, {'user': 'user_31', 'text': 'Life show medical a course itself heart.'}, {'user': 'user_37', 'text': 'Training reason general cover provide.'}, {'user': 'user_25', 'text': 'Could someone teach somebody act degree treatment.'}, {'user': 'user_1', 'text': 'Gun major professional itself.'}, {'user': 'user_43', 'text': 'Be final national than according.'}, {'user': 'user_36', 'text': 'Very whatever outside example world explain up eye.'}]"
user_5,Condition thing health wall general.,Can vote claim party. Thing drive account arm theory debate movie Congress. Lot glass democratic fly picture so new.,https://dummyimage.com/743x687,"['user_26', 'user_43', 'user_31', 'user_19', 'user_5', 'user_27', 'user_3', 'user_18', 'user_4', 'user_13', 'user_25', 'user_20', 'user_14', 'user_25', 'user_1', 'user_13', 'user_28', 'user_27', 'user_33', 'user_25', 'user_11', 'user_11', 'user_7', 'user_17', 'user_25', 'user_44', 'user_24', 'user_44', 'user_6', 'user_45', 'user_2', 'user_18']","[{'user': 'user_2', 'text': 'Bring government training local pretty project.'}, {'user': 'user_11', 'text': 'Field it large degree effort able ever.'}, {'user': 'user_22', 'text': 'Once strategy success continue here represent large.'}, {'user': 'user_35', 'text': 'Prevent movement whether management.'}, {'user': 'user_18', 'text': 'Director ready data contain the.'}, {'user': 'user_18', 'text': 'Town sport relate large.'}]"
user_1,Everybody entire site subject.,At word position kitchen executive position.,https://placekitten.com/362/191,"['user_39', 'user_9', 'user_45', 'user_14', 'user_24', 'user_35', 'user_43', 'user_5', 'user_43', 'user_16', 'user_22', 'user_18', 'user_14', 'user_33', 'user_42', 'user_28', 'user_46', 'user_31', 'user_38', 'user_35', 'user_28', 'user_10', 'user_25', 'user_3', 'user_43', 'user_43', 'user_33', 'user_22', 'user_44', 'user_41', 'user_39', 'user_36', 'user_31', 'user_45', 'user_12', 'user_31', 'user_37', 'user_23', 'user_20', 'user_19', 'user_6']",[]
user_37,Movement computer cup they strong energy.,Build street left the. Report tonight possible social. Result issue ago wait.,https://picsum.photos/293/908,"['user_18', 'user_3', 'user_40', 'user_11', 'user_29', 'user_8', 'user_9', 'user_9', 'user_14', 'user_38', 'user_27', 'user_36', 'user_26', 'user_42', 'user_27', 'user_13', 'user_4', 'user_22', 'user_17', 'user_26', 'user_7', 'user_4', 'user_28', 'user_26', 'user_43', 'user_31', 'user_43', 'user_13', 'user_11', 'user_13', 'user_15', 'user_7', 'user_19', 'user_7', 'user_28', 'user_29', 'user_15', 'user_40', 'user_5', 'user_25']","[{'user': 'user_43', 'text': 'Theory keep myself produce act.'}, {'user': 'user_6', 'text': 'Movement seven cut bad.'}, {'user': 'user_39', 'text': 'Everyone direction answer news law threat mouth.'}, {'user': 'user_2', 'text': 'On form production carry despite example shake.'}, {'user': 'user_31', 'text': 'Major fight fast for team.'}, {'user': 'user_44', 'text': 'Realize determine song and.'}]"
user_8,Recently than generation school do.,Suddenly form road ask wear industry.,https://placekitten.com/561/80,"['user_19', 'user_44', 'user_30', 'user_12', 'user_39', 'user_45', 'user_11', 'user_16', 'user_6', 'user_33', 'user_5', 'user_26', 'user_12', 'user_35', 'user_16', 'user_4', 'user_11', 'user_2', 'user_31', 'user_11', 'user_25', 'user_14', 'user_44', 'user_38', 'user_22', 'user_5', 'user_44', 'user_9', 'user_35', 'user_21', 'user_40']","[{'user': 'user_1', 'text': 'Look century anyone determine.'}]"
user_30,Father color really teacher sister director deal.,Get care resource campaign side painting. Establish thank energy child significant from challenge. Hotel level letter.,https://placekitten.com/1013/27,"['user_41', 'user_46', 'user_29', 'user_2', 'user_39', 'user_19', 'user_42', 'user_36', 'user_36', 'user_31', 'user_21', 'user_29', 'user_41', 'user_43', 'user_44', 'user_2', 'user_11', 'user_43', 'user_38', 'user_1', 'user_22', 'user_44', 'user_22', 'user_18', 'user_8', 'user_17', 'user_46', 'user_16', 'user_41', 'user_9', 'user_41', 'user_34', 'user_22', 'user_42', 'user_36', 'user_40', 'user_46', 'user_38', 'user_26']","[{'user': 'user_5', 'text': 'Kind really clear ago however.'}, {'user': 'user_12', 'text': 'Peace green high cover beyond whole.'}, {'user': 'user_28', 'text': 'Go certainly soon.'}, {'user': 'user_42', 'text': 'Mother capital Mrs throw soldier figure star happen.'}, {'user': 'user_35', 'text': 'Quite girl alone religious car gas.'}, {'user': 'user_26', 'text': 'Edge challenge expert not example wide.'}]"
user_27,Specific far that police son find subject.,State skin final too figure. System soldier onto book.,https://picsum.photos/75/307,"['user_39', 'user_8', 'user_14', 'user_30', 'user_45', 'user_42', 'user_43', 'user_21', 'user_6', 'user_42', 'user_3', 'user_18', 'user_13', 'user_14', 'user_10', 'user_26', 'user_13', 'user_24', 'user_11', 'user_18', 'user_18', 'user_34', 'user_14', 'user_25', 'user_17', 'user_33', 'user_15', 'user_20', 'user_8', 'user_35', 'user_37', 'user_26', 'user_33', 'user_5', 'user_29', 'user_1', 'user_18', 'user_31', 'user_5']","[{'user': 'user_3', 'text': 'Those idea fight.'}, {'user': 'user_13', 'text': 'Daughter rather sister.'}, {'user': 'user_36', 'text': 'Draw inside kind carry.'}, {'user': 'user_31', 'text': 'Edge effect seem without.'}, {'user': 'user_8', 'text': 'Particularly sound fall term.'}, {'user': 'user_2', 'text': 'True do world store.'}, {'user': 'user_46', 'text': 'Most suddenly change.'}, {'user': 'user_13', 'text': 'Student general first.'}, {'user': 'user_23', 'text': 'Financial important recently audience system stuff.'}]"
user_32,Election special watch six thank.,Explain wait fill able. Home politics similar skin use. Approach age western rich born onto great.,https://placekitten.com/529/930,"['user_6', 'user_46', 'user_38', 'user_8', 'user_42', 'user_16', 'user_35', 'user_23', 'user_28', 'user_44', 'user_34', 'user_15', 'user_11', 'user_26', 'user_31', 'user_29', 'user_19', 'user_7', 'user_11', 'user_24', 'user_3', 'user_24', 'user_45', 'user_33', 'user_22', 'user_8', 'user_34', 'user_19', 'user_35', 'user_46', 'user_9', 'user_13', 'user_1', 'user_43', 'user_20', 'user_15']","[{'user': 'user_20', 'text': 'Sit two movie deep international for.'}, {'user': 'user_46', 'text': 'Maybe spring director safe.'}, {'user': 'user_44', 'text': 'Eight law court if.'}, {'user': 'user_34', 'text': 'Wish direction old return blood.'}, {'user': 'user_3', 'text': 'Speech dream draw region son body one.'}, {'user': 'user_39', 'text': 'Shoulder until case behind military letter.'}]"
user_13,Significant west design those six.,Lead thank and near understand something station card. Decision former our policy. Since many tax such account.,https://dummyimage.com/498x59,"['user_41', 'user_14', 'user_43', 'user_20', 'user_28', 'user_8', 'user_31', 'user_33', 'user_24', 'user_3', 'user_22', 'user_3', 'user_25', 'user_12']","[{'user': 'user_10', 'text': 'Person staff white say win court interesting you.'}, {'user': 'user_46', 'text': 'True place idea read number no.'}, {'user': 'user_19', 'text': 'North statement evening little lay military his mention.'}, {'user': 'user_9', 'text': 'Focus Democrat Mr.'}]"
user_38,Art whose third.,My sport like manage mouth on. Cut music affect last skin. At view foreign age raise easy.,https://picsum.photos/208/296,"['user_14', 'user_15', 'user_19', 'user_12', 'user_24', 'user_26', 'user_22', 'user_18', 'user_43', 'user_13', 'user_30', 'user_19', 'user_45', 'user_5', 'user_17', 'user_23', 'user_3', 'user_27', 'user_20', 'user_43', 'user_11', 'user_7', 'user_20', 'user_3', 'user_25', 'user_20', 'user_8', 'user_15', 'user_12']",[]
user_40,Simple young tree thank.,Blood industry change conference. Top data cause effort.,https://placekitten.com/471/838,"['user_28', 'user_42', 'user_1', 'user_20', 'user_9', 'user_42', 'user_24', 'user_4', 'user_21', 'user_6']","[{'user': 'user_3', 'text': 'Them town real movement environmental government.'}, {'user': 'user_43', 'text': 'Month democratic south pretty.'}, {'user': 'user_36', 'text': 'Table fast likely note system morning most peace.'}, {'user': 'user_3', 'text': 'Law political office these structure computer.'}, {'user': 'user_39', 'text': 'Wish ever world father type Mr approach.'}, {'user': 'user_44', 'text': 'Shoulder beautiful try industry game region.'}, {'user': 'user_2', 'text': 'Three now news throughout card war process.'}, {'user': 'user_17', 'text': 'Agent car they require.'}, {'user': 'user_25', 'text': 'Manager third out tree happen free then.'}]"
user_8,Seek news sell take hour make hotel.,Pick discussion throughout whether resource natural little likely. Owner hour less around include left.,https://dummyimage.com/549x588,"['user_42', 'user_38', 'user_30', 'user_31', 'user_10', 'user_26', 'user_13', 'user_40', 'user_6', 'user_32', 'user_39', 'user_42', 'user_28', 'user_22', 'user_20', 'user_4', 'user_39', 'user_13', 'user_16', 'user_25', 'user_44', 'user_25', 'user_34', 'user_36', 'user_33']","[{'user': 'user_17', 'text': 'Staff security size win box sister.'}, {'user': 'user_33', 'text': 'Though suggest prepare energy red.'}, {'user': 'user_36', 'text': 'Rest store three.'}, {'user': 'user_33', 'text': 'Sound important have hold race contain stock.'}, {'user': 'user_9', 'text': 'Goal truth local lead.'}, {'user': 'user_19', 'text': 'Agreement Mrs head door.'}]"
user_5,Billion six summer fact since house audience.,Not society his marriage because whether. List relate small science page college total.,https://dummyimage.com/317x928,"['user_17', 'user_43', 'user_40', 'user_2', 'user_27', 'user_21', 'user_12', 'user_7', 'user_24', 'user_4', 'user_3', 'user_21', 'user_30', 'user_40', 'user_24', 'user_15', 'user_7', 'user_45', 'user_45', 'user_16', 'user_45', 'user_33', 'user_30', 'user_6', 'user_28', 'user_24', 'user_29', 'user_7', 'user_23', 'user_26', 'user_5', 'user_18', 'user_24', 'user_41', 'user_11', 'user_2', 'user_35']","[{'user': 'user_22', 'text': 'Sense act economy something.'}]"
user_22,Tough skin tonight marriage mind describe.,Machine hard six their. Paper situation sort voice few cold television capital.,https://dummyimage.com/371x514,"['user_30', 'user_24', 'user_16', 'user_37']","[{'user': 'user_44', 'text': 'A evening leave star.'}, {'user': 'user_35', 'text': 'Example ok shake.'}, {'user': 'user_13', 'text': 'Project building hotel computer.'}, {'user': 'user_20', 'text': 'Public big national use support writer.'}, {'user': 'user_1', 'text': 'Economy wear parent skill single.'}, {'user': 'user_46', 'text': 'Decade research speak little best candidate game.'}, {'user': 'user_5', 'text': 'Culture yet pick above middle.'}]"
user_16,Including total back know where four wait.,Particularly drop parent movement Mr. During finally until face onto. Capital Republican reason week learn front. Early reason can response he believe draw.,https://dummyimage.com/805x429,"['user_32', 'user_31', 'user_24', 'user_20', 'user_42', 'user_1']","[{'user': 'user_1', 'text': 'Community simple produce bring store home water.'}, {'user': 'user_8', 'text': 'Class compare state author.'}, {'user': 'user_22', 'text': 'Live kind else join one base action.'}, {'user': 'user_10', 'text': 'Yourself million president more.'}, {'user': 'user_44', 'text': 'Camera employee model artist yourself thing offer.'}, {'user': 'user_8', 'text': 'Charge edge all.'}, {'user': 'user_38', 'text': 'Likely coach election personal down wait.'}, {'user': 'user_30', 'text': 'Conference bit with want throw their.'}, {'user': 'user_10', 'text': 'Current class top wonder continue.'}]"
user_39,Whom morning behavior quickly.,Draw knowledge family he less. Several evening away note land far growth. My line about purpose boy. Site history despite.,https://picsum.photos/472/212,"['user_23', 'user_46', 'user_16', 'user_22', 'user_10', 'user_41', 'user_19', 'user_41', 'user_45', 'user_38', 'user_36', 'user_42', 'user_16', 'user_7', 'user_36', 'user_24', 'user_30', 'user_21', 'user_35', 'user_26', 'user_16', 'user_38', 'user_25', 'user_23', 'user_40']","[{'user': 'user_32', 'text': 'Could mission feeling.'}, {'user': 'user_26', 'text': 'Civil almost wrong you.'}, {'user': 'user_26', 'text': 'Social other turn state six citizen teach.'}]"
user_44,Care picture stuff fear write sell.,Side story often floor serious reflect send break. Because resource direction. Nor medical tonight list order strong PM benefit.,https://dummyimage.com/290x641,"['user_38', 'user_16', 'user_5', 'user_31', 'user_41', 'user_12', 'user_8', 'user_15', 'user_44', 'user_19', 'user_21']","[{'user': 'user_43', 'text': 'Part people dog accept.'}, {'user': 'user_46', 'text': 'Design painting house light run shake.'}, {'user': 'user_12', 'text': 'Part as person party prove listen.'}, {'user': 'user_16', 'text': 'Region large guy.'}, {'user': 'user_36', 'text': 'Toward shoulder take floor.'}, {'user': 'user_45', 'text': 'Front military live beyond.'}, {'user': 'user_43', 'text': 'Concern him right matter seat.'}]"
user_26,View agent tell method.,Him style choice energy wall accept since. High end pull start program above star. Public nice especially production all economy. Guy sport option inside big fall.,https://picsum.photos/249/860,"['user_13', 'user_39', 'user_4', 'user_31', 'user_11', 'user_42', 'user_26', 'user_41', 'user_11', 'user_30', 'user_18', 'user_18', 'user_30', 'user_1', 'user_9', 'user_34', 'user_3', 'user_44', 'user_19', 'user_6', 'user_3']","[{'user': 'user_24', 'text': 'Item prevent soon court minute drug side.'}, {'user': 'user_45', 'text': 'Human east mission hear strategy.'}, {'user': 'user_43', 'text': 'High face suddenly into great hospital.'}, {'user': 'user_37', 'text': 'Walk team have sign.'}, {'user': 'user_8', 'text': 'Population little from important country green.'}, {'user': 'user_23', 'text': 'General mention adult expect administration.'}]"
user_34,Southern natural heart require direction class trouble.,Shoulder week believe under full by major street. Home among old anything others could.,https://dummyimage.com/273x778,"['user_16', 'user_16', 'user_1', 'user_4', 'user_12', 'user_36', 'user_43', 'user_32', 'user_32', 'user_3', 'user_20', 'user_39', 'user_1', 'user_25', 'user_31', 'user_34', 'user_26', 'user_22', 'user_44', 'user_18', 'user_21', 'user_30', 'user_30', 'user_41', 'user_35', 'user_32']","[{'user': 'user_16', 'text': 'Again goal human any act drug time.'}, {'user': 'user_23', 'text': 'Newspaper region have anyone.'}, {'user': 'user_27', 'text': 'Ago hair suddenly job develop laugh.'}]"
user_45,Year it building number mother main.,Back majority official society interesting official great. Hold group leader measure leader hard table. Attention sister without firm before. Free kind office put beyond civil carry everything.,https://picsum.photos/157/422,"['user_4', 'user_3', 'user_42']","[{'user': 'user_43', 'text': 'Clearly appear only we choose subject manager.'}, {'user': 'user_15', 'text': 'Buy become practice value.'}, {'user': 'user_16', 'text': 'Teacher quality test trouble chair six agree.'}, {'user': 'user_14', 'text': 'Majority Mrs ahead recent.'}, {'user': 'user_1', 'text': 'Throw reason day whole believe outside improve.'}, {'user': 'user_26', 'text': 'Far common marriage feel.'}, {'user': 'user_46', 'text': 'Experience money buy project amount run.'}, {'user': 'user_25', 'text': 'Factor organization weight subject agency.'}]"
user_46,Push drop kitchen record small meet.,Future show service join individual effect serious. Five degree fill direction throughout impact since.,https://placekitten.com/791/271,"['user_30', 'user_24', 'user_24', 'user_22', 'user_36', 'user_29']",[]
user_23,Mean position pressure community wind.,Enough customer senior race. Show loss become force effort. Science game discuss exist provide most enter.,https://dummyimage.com/698x296,"['user_37', 'user_8', 'user_44', 'user_36', 'user_20', 'user_24', 'user_17', 'user_42', 'user_26', 'user_26', 'user_18', 'user_16', 'user_31', 'user_19', 'user_16', 'user_31', 'user_11', 'user_26', 'user_24', 'user_22', 'user_9', 'user_30', 'user_13', 'user_12', 'user_46', 'user_22', 'user_16', 'user_15', 'user_40', 'user_9', 'user_41', 'user_2', 'user_2', 'user_42', 'user_9', 'user_39', 'user_46', 'user_32', 'user_31', 'user_5', 'user_14', 'user_13', 'user_15', 'user_31', 'user_13']","[{'user': 'user_25', 'text': 'Worry moment mean enough.'}, {'user': 'user_14', 'text': 'Order official street themselves.'}, {'user': 'user_40', 'text': 'Sound so skill smile build appear.'}, {'user': 'user_44', 'text': 'Person painting response south.'}, {'user': 'user_39', 'text': 'Share watch article travel although view hospital event.'}, {'user': 'user_6', 'text': 'Recognize line let instead enough someone far.'}, {'user': 'user_31', 'text': 'Television section energy until.'}, {'user': 'user_10', 'text': 'Debate hot side find.'}]"
user_12,Field animal fine listen for.,Around huge account indeed. Throw agree American rich fight our born want. Design four professor argue draw serve.,https://picsum.photos/792/182,"['user_26', 'user_25', 'user_11', 'user_41', 'user_30', 'user_32', 'user_12', 'user_24', 'user_12', 'user_39', 'user_25', 'user_18', 'user_36', 'user_42', 'user_42', 'user_4', 'user_4', 'user_39', 'user_1', 'user_35', 'user_39', 'user_29', 'user_6', 'user_40', 'user_44', 'user_43', 'user_15', 'user_33']","[{'user': 'user_22', 'text': 'Guy benefit one among indeed.'}, {'user': 'user_46', 'text': 'Family government all.'}, {'user': 'user_15', 'text': 'Although police miss bag raise first.'}, {'user': 'user_24', 'text': 'Store whom seem job poor.'}, {'user': 'user_19', 'text': 'Tough nice morning size forget plant end.'}, {'user': 'user_17', 'text': 'Rule read street.'}, {'user': 'user_23', 'text': 'Hundred back impact voice within federal a.'}, {'user': 'user_7', 'text': 'Cause clear bag they power computer pretty.'}]"
user_26,Action about truth happy.,Piece inside order doctor executive. Machine when Democrat ground sell not day. Single officer throughout rest four win fall. Carry gas over team but.,https://placekitten.com/426/778,"['user_36', 'user_11', 'user_11', 'user_21', 'user_20', 'user_43', 'user_5', 'user_36', 'user_10', 'user_13', 'user_42', 'user_33', 'user_34', 'user_40', 'user_20', 'user_2', 'user_25', 'user_43', 'user_35', 'user_43', 'user_26', 'user_14', 'user_8', 'user_40', 'user_8', 'user_39', 'user_27', 'user_40', 'user_5', 'user_17', 'user_32', 'user_6']","[{'user': 'user_33', 'text': 'Tough feel item.'}, {'user': 'user_22', 'text': 'Paper sense budget.'}, {'user': 'user_17', 'text': 'Administration could size finish save investment.'}, {'user': 'user_23', 'text': 'Often drop some face head deep south left.'}]"
user_21,American forward ahead consumer new apply process.,Possible instead nature kid.,https://picsum.photos/409/501,"['user_14', 'user_1', 'user_15', 'user_6', 'user_5', 'user_32', 'user_8', 'user_46', 'user_25', 'user_38', 'user_44', 'user_9', 'user_9', 'user_13', 'user_28', 'user_19', 'user_41', 'user_44', 'user_38', 'user_41', 'user_23', 'user_31', 'user_3', 'user_23', 'user_33', 'user_23', 'user_11', 'user_32', 'user_41', 'user_45', 'user_20', 'user_21', 'user_30', 'user_17', 'user_44', 'user_4', 'user_4', 'user_9', 'user_29', 'user_14', 'user_10']","[{'user': 'user_18', 'text': 'Though bed performance address today local.'}]"
user_37,Meeting claim forward fish energy floor.,Leg thank apply health tonight win talk. Attorney popular cell night.,https://dummyimage.com/437x8,"['user_46', 'user_10', 'user_37', 'user_24', 'user_19', 'user_19', 'user_28', 'user_29', 'user_26', 'user_43', 'user_4', 'user_21']","[{'user': 'user_36', 'text': 'Image hand stay level.'}, {'user': 'user_28', 'text': 'Section partner step laugh price have.'}, {'user': 'user_39', 'text': 'Throw within interesting focus face maybe.'}, {'user': 'user_28', 'text': 'Step course financial night performance above.'}, {'user': 'user_5', 'text': 'White receive member single song future capital.'}, {'user': 'user_40', 'text': 'Act difference stage term suggest sing.'}, {'user': 'user_38', 'text': 'For resource heart fire notice home hear.'}, {'user': 'user_11', 'text': 'Parent store mission there kind.'}, {'user': 'user_5', 'text': 'Lay goal parent start administration benefit example direction.'}]"
user_29,Example believe present attention pattern yet across.,But rich employee total. Professional six dark last.,https://placekitten.com/38/692,"['user_14', 'user_45']","[{'user': 'user_41', 'text': 'Many what activity camera station.'}, {'user': 'user_22', 'text': 'Provide set matter defense tough dark against environment.'}, {'user': 'user_32', 'text': 'Within set concern include international significant.'}, {'user': 'user_33', 'text': 'It tonight situation.'}, {'user': 'user_34', 'text': 'Against feeling during yourself.'}, {'user': 'user_9', 'text': 'Turn less wife understand present four keep.'}, {'user': 'user_19', 'text': 'Expert when inside former food grow.'}, {'user': 'user_11', 'text': 'Weight Congress throw quality summer season think.'}]"
user_23,Since beautiful free cost action.,Wrong require same. Speak receive certainly. Hour practice sound girl.,https://placekitten.com/712/965,"['user_9', 'user_45', 'user_34', 'user_27', 'user_14', 'user_25', 'user_43', 'user_36', 'user_18', 'user_43', 'user_9', 'user_35', 'user_46', 'user_5', 'user_45', 'user_20', 'user_7', 'user_4', 'user_6', 'user_2', 'user_31', 'user_28', 'user_3', 'user_37', 'user_28', 'user_3', 'user_32', 'user_31', 'user_9', 'user_7', 'user_6', 'user_24', 'user_15', 'user_9', 'user_23', 'user_44', 'user_16', 'user_34', 'user_22', 'user_34', 'user_20', 'user_43', 'user_21']","[{'user': 'user_32', 'text': 'Summer PM manager discuss account.'}, {'user': 'user_22', 'text': 'General compare tend senior.'}, {'user': 'user_11', 'text': 'Together go allow thus care.'}, {'user': 'user_42', 'text': 'Themselves glass herself.'}, {'user': 'user_25', 'text': 'Tough speech Democrat list half down budget brother.'}, {'user': 'user_25', 'text': 'Best popular become series matter sign give.'}, {'user': 'user_1', 'text': 'Wear religious garden consumer.'}, {'user': 'user_37', 'text': 'Painting only fight clear receive everyone.'}, {'user': 'user_44', 'text': 'But more audience fight dark nice.'}]"
user_16,Thousand tell factor trial maybe.,Us include trip two nature because wear. He clearly relate throw century claim.,https://picsum.photos/476/529,"['user_10', 'user_20', 'user_37', 'user_15', 'user_5', 'user_20', 'user_31', 'user_40', 'user_33', 'user_6']","[{'user': 'user_33', 'text': 'Standard how success bring our.'}, {'user': 'user_31', 'text': 'Where bank alone wrong soldier floor.'}, {'user': 'user_8', 'text': 'Hear read management both no spend real.'}, {'user': 'user_6', 'text': 'Result fight where contain pull.'}]"
user_22,Certainly close ball theory election me.,Campaign respond figure range physical. Draw seek arm particularly wind nation edge.,https://placekitten.com/241/393,"['user_37', 'user_33', 'user_3', 'user_14', 'user_37', 'user_11', 'user_30', 'user_14', 'user_16', 'user_8', 'user_36', 'user_40', 'user_2', 'user_19', 'user_22', 'user_30', 'user_31', 'user_26', 'user_15', 'user_26', 'user_33', 'user_37', 'user_41', 'user_45', 'user_27', 'user_20', 'user_21', 'user_34', 'user_37', 'user_32', 'user_10']","[{'user': 'user_32', 'text': 'Goal three truth reach him.'}, {'user': 'user_36', 'text': 'Down coach across trial together.'}, {'user': 'user_34', 'text': 'Become which agree upon.'}, {'user': 'user_45', 'text': 'Save hour something.'}, {'user': 'user_13', 'text': 'Act show age marriage language admit community finish.'}]"
user_9,Word general common animal.,Task write this follow pattern write.,https://placekitten.com/480/10,"['user_41', 'user_28', 'user_45', 'user_17', 'user_24', 'user_26', 'user_13', 'user_13', 'user_16', 'user_19', 'user_27', 'user_8', 'user_44', 'user_36', 'user_13', 'user_15', 'user_6', 'user_20', 'user_27', 'user_11', 'user_7', 'user_15', 'user_45', 'user_41', 'user_43', 'user_3', 'user_5', 'user_23', 'user_16', 'user_13', 'user_10', 'user_1', 'user_8', 'user_20', 'user_40', 'user_5', 'user_4', 'user_28', 'user_36', 'user_36', 'user_13', 'user_39', 'user_46', 'user_14']","[{'user': 'user_39', 'text': 'Investment model stage medical.'}, {'user': 'user_10', 'text': 'Spring consider other college cost more will.'}, {'user': 'user_10', 'text': 'Rock benefit truth skin.'}, {'user': 'user_15', 'text': 'There result gun keep account.'}]"
user_25,Radio team feel theory else.,Member price together thing develop city. It easy land team money.,https://picsum.photos/730/542,"['user_37', 'user_45', 'user_35', 'user_24', 'user_38', 'user_34', 'user_28', 'user_24', 'user_36', 'user_10', 'user_18', 'user_23', 'user_21', 'user_29', 'user_44', 'user_25', 'user_39', 'user_22', 'user_15', 'user_25', 'user_3', 'user_44', 'user_19', 'user_8']",[]
user_11,Writer sister agency such you significant would.,Level give only plan easy. Serious despite all fall.,https://placekitten.com/470/687,"['user_10', 'user_22', 'user_36', 'user_9', 'user_16', 'user_3', 'user_40', 'user_16', 'user_3', 'user_23', 'user_8', 'user_24', 'user_4', 'user_46', 'user_6', 'user_12', 'user_39', 'user_5', 'user_24', 'user_6', 'user_36']","[{'user': 'user_12', 'text': 'After minute baby per nice girl month.'}, {'user': 'user_32', 'text': 'Account score day worker federal pass.'}, {'user': 'user_29', 'text': 'Industry serious consumer player program best pick.'}, {'user': 'user_23', 'text': 'Prepare allow according involve customer statement strategy husband.'}, {'user': 'user_23', 'text': 'Different tax choice officer game.'}, {'user': 'user_9', 'text': 'All head decision first.'}, {'user': 'user_29', 'text': 'Must throw fear claim.'}, {'user': 'user_4', 'text': 'Challenge character program will idea design no.'}]"
user_44,Federal meet produce.,Recognize ball worker plan. Religious just development fall.,https://picsum.photos/2/491,"['user_15', 'user_24', 'user_2', 'user_3', 'user_39', 'user_12', 'user_14', 'user_40', 'user_2', 'user_45', 'user_8', 'user_21', 'user_41', 'user_8', 'user_43', 'user_3', 'user_9']","[{'user': 'user_21', 'text': 'Produce so weight leave than expert open.'}, {'user': 'user_12', 'text': 'Example Mr traditional their.'}]"
user_44,Pm paper claim argue new mean entire.,Price chair base physical. Degree leader cause turn car.,https://picsum.photos/232/2,"['user_32', 'user_32', 'user_32', 'user_22', 'user_7', 'user_20', 'user_9', 'user_46', 'user_11', 'user_44', 'user_7', 'user_15', 'user_38', 'user_28', 'user_38', 'user_11', 'user_9', 'user_5', 'user_24', 'user_2', 'user_37', 'user_44', 'user_2']","[{'user': 'user_40', 'text': 'Plant amount beat understand everybody race.'}, {'user': 'user_24', 'text': 'At community build artist last.'}, {'user': 'user_13', 'text': 'Summer relationship car state table type discover.'}, {'user': 'user_16', 'text': 'Strategy father high off order.'}, {'user': 'user_32', 'text': 'Material instead follow consumer simple author charge.'}, {'user': 'user_30', 'text': 'Tree decade report professor military turn.'}]"
user_8,Think community large.,Coach foot trip town his. Ten serve data focus newspaper keep.,https://placekitten.com/440/106,"['user_44', 'user_45', 'user_31', 'user_27', 'user_44', 'user_28', 'user_20', 'user_34', 'user_21', 'user_19', 'user_14', 'user_16', 'user_9', 'user_8', 'user_43', 'user_4', 'user_44', 'user_39', 'user_2', 'user_5', 'user_31', 'user_29', 'user_39', 'user_11', 'user_2', 'user_30', 'user_10', 'user_16', 'user_3', 'user_41', 'user_13', 'user_41', 'user_13', 'user_30']","[{'user': 'user_10', 'text': 'Bill into choose expect collection body myself individual.'}, {'user': 'user_9', 'text': 'Project glass maintain sister dream.'}, {'user': 'user_1', 'text': 'Sense list girl whose.'}, {'user': 'user_32', 'text': 'Data seek view pass.'}, {'user': 'user_18', 'text': 'Say perhaps especially within.'}, {'user': 'user_29', 'text': 'Debate report how federal rest serve.'}, {'user': 'user_22', 'text': 'Federal surface simple despite husband.'}]"
user_7,Card certainly seek thank right president.,Top listen state modern never.,https://dummyimage.com/106x725,"['user_26', 'user_16', 'user_17', 'user_8', 'user_29', 'user_44', 'user_27', 'user_22', 'user_8', 'user_42', 'user_12', 'user_17', 'user_28', 'user_20', 'user_33', 'user_15', 'user_35', 'user_8', 'user_10']","[{'user': 'user_4', 'text': 'Push interesting I water.'}, {'user': 'user_15', 'text': 'Method list war identify.'}, {'user': 'user_40', 'text': 'As series check both song.'}, {'user': 'user_45', 'text': 'Amount assume adult phone series indeed.'}, {'user': 'user_30', 'text': 'Someone ten concern sit lead.'}, {'user': 'user_8', 'text': 'Writer all notice certain week instead.'}]"
user_35,Mean modern do thing deep hand land.,Half knowledge prove thousand.,https://dummyimage.com/611x12,"['user_12', 'user_7', 'user_23', 'user_4']",[]
user_26,Six state so.,Itself your citizen seven.,https://placekitten.com/959/868,"['user_44', 'user_23', 'user_45', 'user_40', 'user_3']","[{'user': 'user_3', 'text': 'Determine manage house service event beautiful.'}, {'user': 'user_1', 'text': 'School character drive may western technology change.'}, {'user': 'user_27', 'text': 'Though floor close yet red.'}, {'user': 'user_34', 'text': 'Action us miss deep price wall democratic.'}, {'user': 'user_43', 'text': 'Mr tree force general mind professor success.'}, {'user': 'user_4', 'text': 'Voice have off whether.'}, {'user': 'user_23', 'text': 'Marriage girl daughter.'}, {'user': 'user_43', 'text': 'Individual site administration start room.'}, {'user': 'user_8', 'text': 'I forget imagine focus study.'}]"
user_28,Item since can national pass way bank maintain.,Who get vote usually realize whose by. Say company lose seek true suffer.,https://dummyimage.com/583x820,"['user_25', 'user_46', 'user_34', 'user_21', 'user_17', 'user_24', 'user_1', 'user_28', 'user_16', 'user_33', 'user_44', 'user_33', 'user_43', 'user_35', 'user_30', 'user_14', 'user_25', 'user_5', 'user_31', 'user_18', 'user_42', 'user_41', 'user_12', 'user_34', 'user_19', 'user_42', 'user_24', 'user_1', 'user_8', 'user_8', 'user_44', 'user_36', 'user_34', 'user_14', 'user_16', 'user_15', 'user_25', 'user_3', 'user_29', 'user_19']","[{'user': 'user_13', 'text': 'Just red receive send.'}, {'user': 'user_12', 'text': 'Such between field skin.'}]"
user_20,Hot back man reality enter sell.,Sense race could win particularly leader no. Sign source enter argue young that how.,https://dummyimage.com/553x269,"['user_7', 'user_12', 'user_38', 'user_17']","[{'user': 'user_40', 'text': 'Project political blood position glass civil event factor.'}, {'user': 'user_41', 'text': 'Side number painting number.'}, {'user': 'user_3', 'text': 'Future hospital huge.'}, {'user': 'user_32', 'text': 'Resource wife drop available series serious well.'}, {'user': 'user_15', 'text': 'Member over north western.'}, {'user': 'user_19', 'text': 'Dream politics check evidence people reflect how.'}, {'user': 'user_16', 'text': 'Win since bill interest.'}, {'user': 'user_24', 'text': 'Get five street perhaps issue attack.'}, {'user': 'user_1', 'text': 'Many computer increase choice parent.'}]"
user_39,Continue plan smile.,Take story customer no several. Expect fast summer million the hold class.,https://picsum.photos/716/394,"['user_11', 'user_11', 'user_44', 'user_38', 'user_13', 'user_27']","[{'user': 'user_12', 'text': 'Radio foot onto artist create system last.'}, {'user': 'user_31', 'text': 'Affect when doctor help true alone simply.'}, {'user': 'user_27', 'text': 'Garden human recognize doctor far place.'}]"
user_44,Since future sing the become commercial card realize.,Where and street big particular measure clear. I toward subject above similar religious keep. Doctor total he magazine eye anything east analysis.,https://placekitten.com/149/406,"['user_32', 'user_18', 'user_25', 'user_19', 'user_21', 'user_20', 'user_36', 'user_42']","[{'user': 'user_38', 'text': 'Line them customer center.'}, {'user': 'user_11', 'text': 'Record fish population east.'}]"
user_44,Sign whether visit around.,Which resource during region friend. Whatever seat pull explain. Newspaper serve perform often hundred sure treatment decade.,https://placekitten.com/726/341,"['user_8', 'user_17', 'user_27', 'user_21', 'user_6', 'user_34', 'user_29']","[{'user': 'user_15', 'text': 'Hour organization mind cut.'}, {'user': 'user_22', 'text': 'Recognize poor so.'}, {'user': 'user_35', 'text': 'Yard approach already.'}, {'user': 'user_10', 'text': 'Forward people maybe.'}, {'user': 'user_41', 'text': 'Each floor candidate magazine positive money cost.'}, {'user': 'user_43', 'text': 'Usually candidate energy certainly site.'}, {'user': 'user_30', 'text': 'Congress cold reality various rate.'}, {'user': 'user_32', 'text': 'Federal thousand bring conference doctor maintain.'}, {'user': 'user_39', 'text': 'Similar fear risk program about.'}, {'user': 'user_19', 'text': 'Air expect represent cup middle amount improve remember.'}]"
user_2,Opportunity land wear new.,Business group among address force word where. Special record life else certainly.,https://picsum.photos/914/684,"['user_10', 'user_32', 'user_8', 'user_23', 'user_27', 'user_30']","[{'user': 'user_29', 'text': 'Ask later amount letter result college.'}, {'user': 'user_45', 'text': 'Answer dinner nothing consumer anything thus.'}, {'user': 'user_37', 'text': 'Evening address understand nice job.'}, {'user': 'user_16', 'text': 'Risk prevent him member turn stand.'}, {'user': 'user_24', 'text': 'Or detail until.'}, {'user': 'user_11', 'text': 'Lay home present western them.'}, {'user': 'user_43', 'text': 'On stand example rock.'}, {'user': 'user_9', 'text': 'Sing remain significant enough image.'}]"
user_30,Policy teach various available.,Necessary mind air discover. System some language answer each. Consider stand buy loss. Share or soon themselves keep put even.,https://placekitten.com/481/955,"['user_6', 'user_23', 'user_9', 'user_4', 'user_31', 'user_26', 'user_13', 'user_31', 'user_12', 'user_34', 'user_10', 'user_37', 'user_30', 'user_40', 'user_36']","[{'user': 'user_31', 'text': 'Wrong hold must economic step.'}, {'user': 'user_36', 'text': 'Fact above only.'}, {'user': 'user_2', 'text': 'Rest build government together.'}, {'user': 'user_26', 'text': 'Pattern prevent bar western against.'}, {'user': 'user_31', 'text': 'Plant mean mother plant.'}, {'user': 'user_34', 'text': 'Only believe later cold.'}, {'user': 'user_28', 'text': 'Station parent per their here fact.'}, {'user': 'user_35', 'text': 'Serious investment rise become last later push friend.'}, {'user': 'user_7', 'text': 'Describe laugh state allow agent better number I.'}]"
user_9,Economy set fall.,Particular food ball. Camera apply store control identify. Return share toward center college.,https://picsum.photos/399/571,"['user_9', 'user_8', 'user_12', 'user_28', 'user_30', 'user_16', 'user_12', 'user_31']","[{'user': 'user_44', 'text': 'Indeed friend magazine when high.'}]"
user_34,Democratic low stay current.,Model gas allow bring. Must career act page not.,https://picsum.photos/487/308,"['user_9', 'user_28', 'user_9', 'user_9', 'user_2', 'user_24', 'user_31', 'user_19', 'user_16', 'user_31', 'user_24', 'user_24', 'user_40', 'user_20', 'user_8', 'user_33', 'user_11', 'user_17', 'user_26', 'user_23', 'user_3', 'user_12', 'user_31', 'user_14', 'user_14', 'user_34', 'user_41', 'user_40', 'user_42', 'user_25', 'user_20', 'user_17', 'user_4', 'user_25', 'user_35', 'user_12', 'user_24', 'user_16', 'user_45', 'user_26', 'user_13', 'user_6', 'user_27', 'user_36', 'user_25', 'user_34']","[{'user': 'user_19', 'text': 'Own table PM.'}, {'user': 'user_4', 'text': 'Ability near difficult focus certainly each property.'}, {'user': 'user_13', 'text': 'Born soon page fire table.'}, {'user': 'user_35', 'text': 'Build black whatever test.'}, {'user': 'user_24', 'text': 'Which often second morning past city.'}, {'user': 'user_37', 'text': 'Pay college fact.'}, {'user': 'user_28', 'text': 'Rich action person as.'}]"
user_2,Kitchen impact family rest thousand blood degree.,Return condition let score set west manage. Scene gun other whatever drive cell former.,https://picsum.photos/752/344,"['user_7', 'user_40', 'user_11', 'user_10', 'user_6', 'user_40', 'user_40', 'user_31', 'user_23', 'user_41', 'user_41', 'user_40', 'user_20', 'user_30', 'user_26', 'user_9', 'user_12', 'user_29', 'user_21', 'user_24', 'user_19', 'user_38', 'user_22']","[{'user': 'user_42', 'text': 'Per around image marriage material form new.'}, {'user': 'user_22', 'text': 'Fine operation plant fly hair floor.'}, {'user': 'user_35', 'text': 'Figure with arrive by Democrat visit.'}, {'user': 'user_12', 'text': 'Couple trial agreement.'}, {'user': 'user_33', 'text': 'Office item about financial above recently mention never.'}, {'user': 'user_43', 'text': 'Task country early radio something item fast night.'}, {'user': 'user_19', 'text': 'Article be outside effort public along.'}, {'user': 'user_10', 'text': 'Coach treat white speak.'}, {'user': 'user_19', 'text': 'That notice sound.'}, {'user': 'user_46', 'text': 'Assume live carry free mission.'}]"
user_39,Follow water blue both full world simple.,Production once pressure agency arm. Arrive change most hard agent. Hair community more response science.,https://dummyimage.com/228x309,"['user_21', 'user_34', 'user_22', 'user_1', 'user_35', 'user_10', 'user_28', 'user_6']","[{'user': 'user_35', 'text': 'Realize think last society international home.'}, {'user': 'user_45', 'text': 'Fly last soldier identify.'}]"
user_43,Whose southern form environmental million expect.,Require while that president beyond data source ok. Career impact century black PM base. Study popular oil who.,https://picsum.photos/338/709,"['user_19', 'user_28', 'user_42', 'user_34', 'user_29', 'user_15', 'user_11', 'user_21', 'user_14', 'user_12', 'user_7', 'user_45', 'user_20', 'user_42', 'user_43', 'user_7', 'user_38', 'user_16', 'user_35', 'user_43', 'user_15', 'user_38', 'user_24', 'user_3', 'user_5', 'user_13', 'user_42', 'user_22', 'user_36', 'user_2', 'user_23']","[{'user': 'user_9', 'text': 'Cup different because probably talk cut.'}, {'user': 'user_42', 'text': 'Inside out upon environment important exactly.'}, {'user': 'user_42', 'text': 'When course race public.'}, {'user': 'user_31', 'text': 'Rest back according read glass.'}, {'user': 'user_27', 'text': 'Include describe popular how surface.'}, {'user': 'user_46', 'text': 'White enter send threat.'}, {'user': 'user_46', 'text': 'Car technology watch meet newspaper.'}, {'user': 'user_21', 'text': 'Southern pressure wife some need will.'}, {'user': 'user_28', 'text': 'For fire table try camera.'}]"
user_46,Early point much probably.,Mention cost consumer house home force serious.,https://placekitten.com/477/178,"['user_38', 'user_23', 'user_8', 'user_37', 'user_20', 'user_18', 'user_17', 'user_18', 'user_13', 'user_15', 'user_41', 'user_40', 'user_16', 'user_4', 'user_26', 'user_23', 'user_14', 'user_25', 'user_13', 'user_30', 'user_34', 'user_30', 'user_37', 'user_29', 'user_10', 'user_10', 'user_28']","[{'user': 'user_25', 'text': 'Unit modern information.'}]"
user_21,Age sure create once dinner.,Store minute budget worry reduce.,https://picsum.photos/263/607,"['user_32', 'user_34', 'user_45', 'user_1', 'user_36', 'user_17', 'user_15', 'user_18', 'user_8', 'user_19', 'user_33', 'user_6', 'user_5', 'user_32', 'user_33', 'user_29', 'user_32', 'user_13', 'user_20', 'user_17', 'user_41', 'user_14', 'user_25', 'user_3', 'user_42', 'user_25', 'user_8', 'user_41', 'user_6', 'user_16', 'user_3', 'user_20', 'user_42']","[{'user': 'user_34', 'text': 'History sort where.'}, {'user': 'user_22', 'text': 'Each seven finally probably something kid cover must.'}, {'user': 'user_33', 'text': 'Effect organization blood party effort single author.'}, {'user': 'user_29', 'text': 'Lose wait door stand instead soldier actually.'}, {'user': 'user_21', 'text': 'Here weight enter personal action which.'}, {'user': 'user_36', 'text': 'School goal civil research man.'}, {'user': 'user_27', 'text': 'Like else process fight.'}, {'user': 'user_39', 'text': 'Leader fight us ball.'}, {'user': 'user_32', 'text': 'Responsibility quite what bar such where away.'}]"
user_39,Hospital any right seat service.,Impact interview shake customer carry bad. Upon paper cost argue laugh million.,https://placekitten.com/897/346,"['user_7', 'user_27', 'user_15', 'user_38', 'user_8', 'user_13', 'user_13', 'user_46', 'user_21', 'user_29', 'user_16', 'user_41', 'user_22', 'user_32', 'user_39', 'user_39', 'user_12', 'user_21', 'user_44', 'user_31', 'user_32', 'user_26', 'user_9', 'user_7', 'user_27', 'user_1', 'user_30', 'user_25', 'user_20', 'user_6', 'user_29', 'user_37', 'user_5', 'user_5', 'user_42', 'user_44', 'user_17', 'user_17', 'user_31', 'user_23', 'user_10', 'user_45', 'user_40', 'user_19', 'user_34', 'user_30']",[]
user_9,Above data color task song majority.,Movie wall campaign who morning brother out. Air offer state place song history range. Hair course receive least pressure more choose debate.,https://picsum.photos/839/725,"['user_9', 'user_25', 'user_42', 'user_14', 'user_3', 'user_27', 'user_18', 'user_30', 'user_30', 'user_32', 'user_13', 'user_32', 'user_45', 'user_27', 'user_6', 'user_33', 'user_22', 'user_33', 'user_2', 'user_26', 'user_4', 'user_35', 'user_16', 'user_19', 'user_23', 'user_18', 'user_41', 'user_27', 'user_5', 'user_25', 'user_6', 'user_31', 'user_29', 'user_22', 'user_23', 'user_13', 'user_43']","[{'user': 'user_9', 'text': 'Author free blood hospital.'}, {'user': 'user_24', 'text': 'Wait very city himself up factor best.'}, {'user': 'user_35', 'text': 'Himself election similar here result.'}, {'user': 'user_10', 'text': 'Drive mention could bill far fine particular public.'}, {'user': 'user_7', 'text': 'Response tough learn hit to lay medical.'}, {'user': 'user_45', 'text': 'Space author base civil full suffer.'}]"
user_19,Director green collection cultural easy thing lot.,Officer remember down capital career. According let stop ever instead.,https://picsum.photos/987/646,"['user_4', 'user_28', 'user_44', 'user_29', 'user_45', 'user_37', 'user_4', 'user_22', 'user_17', 'user_10', 'user_14', 'user_15', 'user_18', 'user_3', 'user_4', 'user_27', 'user_39', 'user_12', 'user_7', 'user_12', 'user_43']","[{'user': 'user_34', 'text': 'Something power point institution magazine buy.'}, {'user': 'user_5', 'text': 'Look something win western.'}, {'user': 'user_27', 'text': 'Talk employee kitchen go carry.'}]"
user_15,Chair someone area energy myself nor.,From represent have social. Usually sense meeting follow. Them a today.,https://picsum.photos/459/469,"['user_9', 'user_31', 'user_43', 'user_39', 'user_8', 'user_29', 'user_4', 'user_23', 'user_2', 'user_20', 'user_24', 'user_21', 'user_15', 'user_42', 'user_41', 'user_24']","[{'user': 'user_25', 'text': 'See message not way wall.'}, {'user': 'user_18', 'text': 'Recognize cut allow mission director myself a.'}, {'user': 'user_22', 'text': 'Fire hard identify.'}, {'user': 'user_16', 'text': 'Throw stay than when own these run.'}, {'user': 'user_6', 'text': 'Would side in guess voice between almost.'}, {'user': 'user_43', 'text': 'Increase center then road girl across now.'}, {'user': 'user_41', 'text': 'Read main term stay bad general young.'}, {'user': 'user_8', 'text': 'Item throw article born.'}, {'user': 'user_38', 'text': 'Turn pretty participant possible us sell land figure.'}]"
user_9,Sometimes meeting particularly.,Fear serve couple. Whole tonight common agreement type outside hit.,https://dummyimage.com/151x783,"['user_33', 'user_27', 'user_19', 'user_20', 'user_40', 'user_46', 'user_21', 'user_31', 'user_16', 'user_21', 'user_19', 'user_33', 'user_16', 'user_40', 'user_27', 'user_36']","[{'user': 'user_17', 'text': 'Attention similar born explain week mean.'}, {'user': 'user_7', 'text': 'Perform indeed cut appear you herself.'}]"
user_37,Year our available magazine brother all herself.,Everything compare body number ask. High risk him.,https://placekitten.com/287/781,"['user_17', 'user_17', 'user_42', 'user_7', 'user_23', 'user_9', 'user_32', 'user_8', 'user_8', 'user_3', 'user_28', 'user_11', 'user_1', 'user_41', 'user_37', 'user_4', 'user_23', 'user_12', 'user_21', 'user_23', 'user_28', 'user_20', 'user_29', 'user_16', 'user_2', 'user_34', 'user_46', 'user_12', 'user_32', 'user_24', 'user_15', 'user_29', 'user_1', 'user_32', 'user_33', 'user_23', 'user_11', 'user_23', 'user_45', 'user_12', 'user_44', 'user_4', 'user_7', 'user_28']","[{'user': 'user_3', 'text': 'Send realize war place way sing.'}, {'user': 'user_4', 'text': 'Capital theory affect thus seven.'}, {'user': 'user_26', 'text': 'Word center let blue.'}, {'user': 'user_19', 'text': 'Project subject especially.'}, {'user': 'user_43', 'text': 'Apply however account purpose safe heavy.'}, {'user': 'user_7', 'text': 'Leave leg remember probably compare.'}, {'user': 'user_8', 'text': 'Bag leave half raise another want medical.'}, {'user': 'user_14', 'text': 'Need skin theory might feel.'}, {'user': 'user_14', 'text': 'Join myself can poor impact church.'}, {'user': 'user_16', 'text': 'Question nature fire occur statement watch media three.'}]"
user_12,Bill sense professional group daughter third ready management.,Strong child interest friend partner. Exactly cut investment red suddenly say. Resource leg sort onto we blue son. Eye simply player leave find interview pick.,https://dummyimage.com/210x720,"['user_28', 'user_43', 'user_4', 'user_45', 'user_14', 'user_32', 'user_34', 'user_33', 'user_22', 'user_33', 'user_6', 'user_40', 'user_44', 'user_43', 'user_18', 'user_15', 'user_33', 'user_27', 'user_36', 'user_17', 'user_45']","[{'user': 'user_16', 'text': 'Challenge whose toward available eight condition thus.'}, {'user': 'user_27', 'text': 'Bag be possible major store store throughout.'}, {'user': 'user_30', 'text': 'Idea son deal cup.'}]"
user_43,Could activity level senior before middle enter.,Necessary finally nothing. Prepare yeah goal different much already night rich. Have figure media reduce get family our.,https://placekitten.com/329/4,"['user_4', 'user_21', 'user_44', 'user_46', 'user_16', 'user_20', 'user_43', 'user_35', 'user_12', 'user_22', 'user_34', 'user_20', 'user_19', 'user_31', 'user_36', 'user_36', 'user_6', 'user_46', 'user_25', 'user_14']",[]
user_30,After his because suddenly thing spring hour.,In director country her property kind.,https://picsum.photos/538/845,"['user_22', 'user_28', 'user_43', 'user_16', 'user_24']","[{'user': 'user_10', 'text': 'Arrive ok anyone easy member police vote.'}, {'user': 'user_14', 'text': 'Product go interview.'}, {'user': 'user_4', 'text': 'Letter civil us citizen eight ago.'}, {'user': 'user_45', 'text': 'Box hold participant some.'}, {'user': 'user_40', 'text': 'Town worry without how investment write smile local.'}, {'user': 'user_30', 'text': 'Person want rock long head window.'}, {'user': 'user_39', 'text': 'After use build wall summer federal situation.'}, {'user': 'user_2', 'text': 'From action employee PM.'}, {'user': 'user_9', 'text': 'Culture me yard level.'}]"
user_1,New edge television great set.,He six during at statement decision trial.,https://picsum.photos/911/758,"['user_17', 'user_25', 'user_6', 'user_14', 'user_21', 'user_8', 'user_2', 'user_34', 'user_22', 'user_29', 'user_23', 'user_42', 'user_19', 'user_28', 'user_5', 'user_44', 'user_6', 'user_46', 'user_44', 'user_36', 'user_28', 'user_30', 'user_18', 'user_15', 'user_9', 'user_33', 'user_39', 'user_30', 'user_44', 'user_18', 'user_32', 'user_12', 'user_33', 'user_6', 'user_3', 'user_13', 'user_2', 'user_30', 'user_4', 'user_13']","[{'user': 'user_30', 'text': 'Team family PM commercial him direction ask.'}, {'user': 'user_37', 'text': 'Imagine other this seat ask.'}]"
user_29,Sister such subject full whatever into provide must.,Painting debate write likely series. His so throughout level again once reflect station. Participant risk among themselves thus admit kind.,https://picsum.photos/394/352,"['user_41', 'user_16', 'user_12', 'user_24', 'user_18', 'user_8', 'user_9', 'user_15', 'user_4', 'user_20', 'user_14', 'user_27', 'user_16', 'user_18', 'user_40', 'user_44', 'user_46', 'user_33', 'user_26', 'user_39', 'user_37', 'user_26', 'user_33', 'user_19', 'user_12']","[{'user': 'user_43', 'text': 'Camera see national democratic.'}, {'user': 'user_14', 'text': 'Music when capital.'}, {'user': 'user_39', 'text': 'Sea fly picture heavy their.'}, {'user': 'user_27', 'text': 'Agency effort wall side action.'}, {'user': 'user_43', 'text': 'Tough free for indeed single.'}, {'user': 'user_20', 'text': 'Before computer grow under.'}, {'user': 'user_20', 'text': 'Debate little sell suffer north try.'}]"
user_46,Night find window safe.,Large sea power use different face. Realize move big last animal. Brother carry attention administration city.,https://picsum.photos/729/194,"['user_45', 'user_34', 'user_46', 'user_9', 'user_43', 'user_43', 'user_25', 'user_18', 'user_25', 'user_36', 'user_24', 'user_35', 'user_45', 'user_15', 'user_7', 'user_23', 'user_20', 'user_21', 'user_25', 'user_5', 'user_22', 'user_29', 'user_14', 'user_36', 'user_21', 'user_12', 'user_9', 'user_19', 'user_10', 'user_7', 'user_24', 'user_15', 'user_33', 'user_39', 'user_18']","[{'user': 'user_36', 'text': 'Already get even drop.'}, {'user': 'user_14', 'text': 'Speech center who reality guess fear rich.'}, {'user': 'user_37', 'text': 'Red wait have PM authority friend.'}, {'user': 'user_24', 'text': 'Myself produce four read behavior half choice.'}, {'user': 'user_36', 'text': 'Do participant hope attack high guy.'}, {'user': 'user_30', 'text': 'That range create rule.'}, {'user': 'user_45', 'text': 'Either course follow agree.'}, {'user': 'user_40', 'text': 'Poor message off someone management.'}, {'user': 'user_14', 'text': 'Policy business base power leader.'}, {'user': 'user_9', 'text': 'Mission drop democratic imagine chance check during.'}]"
user_44,Act three firm nice blood picture.,Girl south tend newspaper seven. Study artist much school relate pick politics down.,https://picsum.photos/151/707,"['user_13', 'user_18', 'user_28', 'user_6', 'user_29', 'user_17', 'user_35', 'user_20', 'user_2', 'user_34', 'user_18', 'user_2', 'user_42', 'user_9', 'user_29', 'user_40', 'user_42', 'user_3', 'user_28', 'user_12', 'user_37', 'user_23', 'user_16', 'user_18', 'user_40', 'user_10', 'user_33', 'user_33', 'user_38', 'user_9', 'user_12', 'user_25']","[{'user': 'user_20', 'text': 'Buy country middle PM.'}, {'user': 'user_19', 'text': 'Per young help play could treatment.'}]"
user_19,World center president since someone.,Somebody moment even someone you director so likely. Later sense would let. Home event move world hope fish.,https://placekitten.com/661/573,"['user_26', 'user_12', 'user_35', 'user_38', 'user_25', 'user_44', 'user_6', 'user_28', 'user_19', 'user_12', 'user_35', 'user_1', 'user_4', 'user_7', 'user_38', 'user_7', 'user_5', 'user_36', 'user_27', 'user_16', 'user_8', 'user_10', 'user_35', 'user_41', 'user_25', 'user_5', 'user_43', 'user_43', 'user_24', 'user_13', 'user_46', 'user_26', 'user_45', 'user_37', 'user_12', 'user_3', 'user_1', 'user_3', 'user_6', 'user_23', 'user_5', 'user_36', 'user_46']","[{'user': 'user_46', 'text': 'Particular benefit kitchen significant discover loss.'}, {'user': 'user_17', 'text': 'Task notice day process western read.'}, {'user': 'user_9', 'text': 'Lead own debate sport any truth any themselves.'}, {'user': 'user_14', 'text': 'Country guy national.'}, {'user': 'user_38', 'text': 'Right four gas employee.'}]"
user_1,Window win opportunity inside key improve.,Cost political traditional read result.,https://dummyimage.com/941x164,"['user_23', 'user_39', 'user_37', 'user_27', 'user_7']","[{'user': 'user_26', 'text': 'Time thousand when involve not soldier.'}, {'user': 'user_3', 'text': 'Billion note which whose finish little scientist.'}, {'user': 'user_42', 'text': 'Skin no lawyer.'}, {'user': 'user_25', 'text': 'White amount magazine wish record poor general realize.'}, {'user': 'user_2', 'text': 'Cause far almost price follow.'}, {'user': 'user_41', 'text': 'Forget order six under.'}]"
user_34,Exist company street arm visit.,Remain fish with throw during half free. Suffer boy community exist also. They let black eight young star.,https://placekitten.com/240/0,"['user_25', 'user_46', 'user_1', 'user_31', 'user_19', 'user_10', 'user_27', 'user_36', 'user_4', 'user_42', 'user_41', 'user_43', 'user_17', 'user_5', 'user_17', 'user_18', 'user_24', 'user_14', 'user_8', 'user_37', 'user_4', 'user_36', 'user_5', 'user_43', 'user_23', 'user_44', 'user_4', 'user_31', 'user_5', 'user_6', 'user_5', 'user_6', 'user_21', 'user_5', 'user_44', 'user_14', 'user_24', 'user_7']","[{'user': 'user_35', 'text': 'Make community forget outside create business same.'}, {'user': 'user_19', 'text': 'Item health act.'}, {'user': 'user_29', 'text': 'Though laugh note military.'}, {'user': 'user_27', 'text': 'Send water form laugh actually light heavy measure.'}, {'user': 'user_1', 'text': 'Seven character order.'}, {'user': 'user_34', 'text': 'Note including outside chance painting.'}, {'user': 'user_7', 'text': 'Decade source police pressure green.'}, {'user': 'user_39', 'text': 'Feeling show position position firm represent.'}]"
user_8,Save much rule me must grow.,Decade sort agency above state follow. Lawyer board actually level value. Before happy position popular.,https://dummyimage.com/782x871,"['user_33', 'user_24', 'user_3', 'user_16', 'user_20', 'user_43', 'user_3', 'user_1', 'user_6', 'user_4', 'user_30', 'user_13', 'user_4', 'user_27', 'user_36', 'user_44', 'user_23', 'user_27', 'user_14', 'user_12', 'user_13', 'user_5', 'user_46', 'user_14', 'user_15', 'user_6', 'user_29', 'user_34', 'user_36', 'user_35', 'user_31', 'user_39', 'user_35', 'user_15', 'user_6', 'user_43', 'user_27', 'user_31', 'user_44', 'user_45', 'user_27', 'user_31', 'user_40', 'user_45', 'user_34', 'user_38']","[{'user': 'user_4', 'text': 'Dark finish city decision.'}, {'user': 'user_24', 'text': 'Economy our direction of fact green.'}, {'user': 'user_18', 'text': 'Also kid feeling include thus local.'}, {'user': 'user_2', 'text': 'Major bit media together.'}, {'user': 'user_41', 'text': 'Best attention stuff same event officer simply.'}, {'user': 'user_11', 'text': 'Up else in beyond pass.'}, {'user': 'user_43', 'text': 'Concern least yard recent single when method while.'}, {'user': 'user_32', 'text': 'Ball provide fill.'}]"
user_43,Store medical worker.,Happy piece major simply.,https://placekitten.com/767/65,"['user_10', 'user_28', 'user_27', 'user_16', 'user_26', 'user_43', 'user_14', 'user_37', 'user_14', 'user_18', 'user_32', 'user_15', 'user_22', 'user_23', 'user_37', 'user_10', 'user_23', 'user_45', 'user_12', 'user_15', 'user_45', 'user_35', 'user_38', 'user_18', 'user_1', 'user_17', 'user_3', 'user_24', 'user_4', 'user_17', 'user_6', 'user_42', 'user_19']","[{'user': 'user_32', 'text': 'Ten stock moment everyone claim paper discover.'}]"
user_38,Old start marriage campaign figure tough tax.,Last treat rule television brother study.,https://picsum.photos/1017/169,"['user_16', 'user_28', 'user_10', 'user_35', 'user_12', 'user_2', 'user_11', 'user_34', 'user_36', 'user_35', 'user_7', 'user_20', 'user_12', 'user_4', 'user_9', 'user_25', 'user_27', 'user_24', 'user_37', 'user_8', 'user_36', 'user_13', 'user_18', 'user_5', 'user_2', 'user_29', 'user_25', 'user_11', 'user_14', 'user_21', 'user_1', 'user_30', 'user_26', 'user_42', 'user_22', 'user_38', 'user_39', 'user_39', 'user_23', 'user_37', 'user_16', 'user_19', 'user_10', 'user_29', 'user_29', 'user_4']","[{'user': 'user_37', 'text': 'Yet herself than husband challenge perhaps.'}, {'user': 'user_7', 'text': 'Close west interview pretty computer enjoy.'}, {'user': 'user_29', 'text': 'Really however control edge why.'}, {'user': 'user_44', 'text': 'Evidence discuss late happy hotel fear doctor.'}, {'user': 'user_40', 'text': 'Should clearly experience probably hundred then check.'}, {'user': 'user_10', 'text': 'A for throughout west company.'}, {'user': 'user_35', 'text': 'Level each wife investment long man black.'}, {'user': 'user_3', 'text': 'Property able campaign generation agent.'}, {'user': 'user_26', 'text': 'Total beyond hand light action alone leg.'}, {'user': 'user_44', 'text': 'Firm nearly week various agency.'}]"
user_5,Model hospital consumer.,Hear family fly last unit crime.,https://picsum.photos/733/9,"['user_3', 'user_13', 'user_24', 'user_44', 'user_33']","[{'user': 'user_43', 'text': 'Spring speak matter play music million.'}, {'user': 'user_9', 'text': 'Attack these on.'}, {'user': 'user_6', 'text': 'Become thank society with herself.'}, {'user': 'user_12', 'text': 'Bed difference blood record exist cost.'}, {'user': 'user_39', 'text': 'Race morning training partner walk go food.'}, {'user': 'user_40', 'text': 'She most guess.'}, {'user': 'user_35', 'text': 'Campaign democratic nice memory author.'}, {'user': 'user_41', 'text': 'Cut number throughout be enjoy figure.'}, {'user': 'user_42', 'text': 'Price no toward reason yeah.'}]"
user_7,Get five already beat there able attention.,Feel believe direction cut. Early must hospital federal.,https://dummyimage.com/1001x781,"['user_38', 'user_40', 'user_14', 'user_3', 'user_32', 'user_9', 'user_27', 'user_16', 'user_9', 'user_4', 'user_43', 'user_27', 'user_38', 'user_35', 'user_9', 'user_29', 'user_27', 'user_18', 'user_1', 'user_6', 'user_42']","[{'user': 'user_23', 'text': 'Produce fact foreign interview skill we mean range.'}, {'user': 'user_34', 'text': 'Not I region top off trip alone.'}, {'user': 'user_30', 'text': 'Often trouble wonder contain.'}, {'user': 'user_27', 'text': 'Base nature finish might dream control meet bad.'}, {'user': 'user_4', 'text': 'Material play including above letter father.'}, {'user': 'user_36', 'text': 'Couple forget begin finish.'}, {'user': 'user_28', 'text': 'Bring leave discussion bring approach month.'}]"
user_41,Approach two money book hand chance.,Just response news reality summer. Manage entire trip huge watch. Exist than concern east.,https://placekitten.com/187/494,"['user_1', 'user_44', 'user_5', 'user_35', 'user_9', 'user_30', 'user_10', 'user_8', 'user_43', 'user_13', 'user_23', 'user_37', 'user_24', 'user_7', 'user_32', 'user_26', 'user_12', 'user_21', 'user_36', 'user_13', 'user_5', 'user_7', 'user_46', 'user_16', 'user_44', 'user_19']","[{'user': 'user_20', 'text': 'Interview clear democratic money daughter opportunity account.'}, {'user': 'user_8', 'text': 'Beat but first bring no.'}, {'user': 'user_31', 'text': 'Relate real time learn Democrat citizen.'}, {'user': 'user_3', 'text': 'North assume alone issue participant wide serious short.'}, {'user': 'user_38', 'text': 'Teacher fly move both peace.'}]"
user_30,Risk eye know record couple reality after wait.,She effect analysis economic heavy land. Stage item western not between important beat also. Smile every page bit federal old decade.,https://placekitten.com/664/892,"['user_19', 'user_16', 'user_43', 'user_1', 'user_38', 'user_16', 'user_24', 'user_29', 'user_40', 'user_29', 'user_31', 'user_18', 'user_37', 'user_11', 'user_44', 'user_25', 'user_37', 'user_16', 'user_2', 'user_25', 'user_42', 'user_27', 'user_31', 'user_6', 'user_46', 'user_40', 'user_21', 'user_29', 'user_12', 'user_28', 'user_33', 'user_8', 'user_24', 'user_40', 'user_38', 'user_30', 'user_3', 'user_13', 'user_10', 'user_42', 'user_23', 'user_26', 'user_42', 'user_19', 'user_13', 'user_39']",[]
user_37,Mind eat conference choice.,Ever six special rate. Let personal hit inside. Allow claim small economy require.,https://dummyimage.com/522x571,"['user_26', 'user_2', 'user_1', 'user_26', 'user_7', 'user_42', 'user_37', 'user_45', 'user_26', 'user_43', 'user_46', 'user_31', 'user_30', 'user_26', 'user_17', 'user_37', 'user_42', 'user_9']","[{'user': 'user_3', 'text': 'East admit wall lay call.'}, {'user': 'user_28', 'text': 'Voice method shoulder third out.'}, {'user': 'user_31', 'text': 'Yard entire as produce leader.'}, {'user': 'user_37', 'text': 'Where model eye piece collection catch.'}, {'user': 'user_26', 'text': 'Else term good usually old traditional page catch.'}, {'user': 'user_31', 'text': 'Debate station use.'}, {'user': 'user_16', 'text': 'Safe growth major dog type husband listen.'}, {'user': 'user_46', 'text': 'Kitchen listen heart shake point night force.'}, {'user': 'user_22', 'text': 'Save capital responsibility run.'}, {'user': 'user_13', 'text': 'Before power manage Democrat look store.'}]"
user_17,Without then hand.,Even quickly organization article. One accept energy just. Month her forward town.,https://dummyimage.com/773x336,"['user_4', 'user_19', 'user_34', 'user_21', 'user_13', 'user_13', 'user_13', 'user_2', 'user_22', 'user_13', 'user_36', 'user_21', 'user_3', 'user_34', 'user_33', 'user_27', 'user_20', 'user_29', 'user_40', 'user_1', 'user_19', 'user_29', 'user_37', 'user_19', 'user_9', 'user_30', 'user_46', 'user_17', 'user_21', 'user_21', 'user_5', 'user_2', 'user_1', 'user_11', 'user_3', 'user_35', 'user_31', 'user_33', 'user_7', 'user_18']","[{'user': 'user_27', 'text': 'Interesting present ground property weight capital while still.'}, {'user': 'user_36', 'text': 'Food between wife purpose successful election third.'}]"
user_19,Politics three adult top begin tonight others get.,Beyond door number campaign game. Law page dinner she. Author who often soldier rock rock.,https://placekitten.com/494/991,"['user_39', 'user_4', 'user_33', 'user_36', 'user_28', 'user_29', 'user_43', 'user_32', 'user_37', 'user_6']","[{'user': 'user_6', 'text': 'Term never series each stock tree.'}, {'user': 'user_41', 'text': 'Hold decision hotel thing sound policy history and.'}, {'user': 'user_19', 'text': 'Evidence nice investment reflect reveal message home beyond.'}]"
user_23,Class right analysis pattern man front determine final.,Question fly just husband.,https://dummyimage.com/707x165,"['user_29', 'user_25', 'user_16', 'user_22', 'user_42', 'user_26', 'user_11', 'user_15', 'user_31', 'user_43', 'user_23', 'user_41', 'user_16', 'user_36', 'user_7', 'user_33', 'user_23']","[{'user': 'user_18', 'text': 'Computer six city radio.'}, {'user': 'user_1', 'text': 'Couple green media either happen partner environmental common.'}, {'user': 'user_33', 'text': 'Involve include call military.'}, {'user': 'user_16', 'text': 'Life really amount cut enjoy walk public.'}, {'user': 'user_44', 'text': 'Health world oil per suffer seat surface.'}, {'user': 'user_16', 'text': 'Option anything value close part main physical.'}]"
user_19,Rest federal them note.,Look friend blood. Indicate successful keep employee really.,https://picsum.photos/211/29,"['user_19', 'user_2', 'user_14', 'user_39', 'user_44', 'user_31', 'user_2']","[{'user': 'user_38', 'text': 'Drop experience run stuff.'}, {'user': 'user_43', 'text': 'Type leave human south garden whatever.'}, {'user': 'user_44', 'text': 'Word each think one.'}, {'user': 'user_18', 'text': 'Improve now name town ready.'}, {'user': 'user_36', 'text': 'Citizen agent bag generation.'}, {'user': 'user_28', 'text': 'Management education source go score network next.'}, {'user': 'user_2', 'text': 'Everything understand day upon lawyer whose set.'}]"
user_15,Bad less with walk back throw.,Group already rule tough black interesting your. How picture best necessary finish. Information full project Mr heart must.,https://dummyimage.com/396x98,"['user_22', 'user_10', 'user_39', 'user_46', 'user_3', 'user_34', 'user_46', 'user_33', 'user_4', 'user_24', 'user_32', 'user_44', 'user_30', 'user_15', 'user_32', 'user_1', 'user_27', 'user_36', 'user_17', 'user_31', 'user_10', 'user_19', 'user_22', 'user_15', 'user_12', 'user_24', 'user_11', 'user_38', 'user_12', 'user_29', 'user_8', 'user_38', 'user_39', 'user_43', 'user_8', 'user_46', 'user_43', 'user_31', 'user_22', 'user_24', 'user_16']","[{'user': 'user_21', 'text': 'Central environmental girl.'}, {'user': 'user_36', 'text': 'Thank always especially talk plant.'}, {'user': 'user_17', 'text': 'Despite firm couple loss teach set house bring.'}, {'user': 'user_19', 'text': 'She account question especially land.'}, {'user': 'user_38', 'text': 'Young produce image painting state another agree.'}, {'user': 'user_25', 'text': 'Relationship also church.'}, {'user': 'user_25', 'text': 'Democrat seat possible visit ask either player.'}, {'user': 'user_14', 'text': 'Nor central type.'}, {'user': 'user_18', 'text': 'Name why add threat authority event.'}]"
user_15,Improve economic again respond increase fact.,Activity arm under think him. Just similar boy return. Election save pressure today today summer.,https://dummyimage.com/696x618,"['user_25', 'user_33', 'user_16', 'user_10', 'user_11', 'user_21']","[{'user': 'user_5', 'text': 'Find plant today.'}, {'user': 'user_4', 'text': 'Why population court.'}, {'user': 'user_27', 'text': 'Late debate avoid arrive analysis into during.'}, {'user': 'user_18', 'text': 'We model change environment.'}, {'user': 'user_39', 'text': 'Accept specific late sign where.'}, {'user': 'user_13', 'text': 'Serious arrive trial standard detail bring.'}, {'user': 'user_43', 'text': 'Court strategy audience reveal.'}, {'user': 'user_21', 'text': 'Admit notice truth those memory sign various.'}, {'user': 'user_21', 'text': 'Ask per among two beat become establish.'}, {'user': 'user_45', 'text': 'Evening whole official could effect.'}]"
user_40,Thought describe remember exist campaign teacher reveal modern.,Doctor energy technology former expect agree should. Popular ago event yes wait themselves democratic.,https://placekitten.com/429/882,"['user_9', 'user_25', 'user_34', 'user_31', 'user_26', 'user_23', 'user_34', 'user_42', 'user_28', 'user_42', 'user_40', 'user_8', 'user_7', 'user_38', 'user_24', 'user_9', 'user_5']","[{'user': 'user_35', 'text': 'Finally offer artist most like once natural respond.'}, {'user': 'user_20', 'text': 'Ready message issue option.'}, {'user': 'user_25', 'text': 'Employee fact our week in simple.'}, {'user': 'user_24', 'text': 'Although price individual best consider.'}, {'user': 'user_33', 'text': 'Rather respond miss as common difficult.'}, {'user': 'user_37', 'text': 'Different easy since listen.'}, {'user': 'user_37', 'text': 'Major some player.'}, {'user': 'user_39', 'text': 'Trouble candidate financial right cold down debate.'}, {'user': 'user_27', 'text': 'Moment bit week energy.'}, {'user': 'user_18', 'text': 'Performance when phone.'}]"
user_39,Heart ready fill nearly close decide sign standard.,This various great Democrat increase kid camera. Fly off from month up tell alone. Whose best picture particularly free strategy right.,https://dummyimage.com/65x133,"['user_40', 'user_45', 'user_32', 'user_28', 'user_32', 'user_8', 'user_29', 'user_19', 'user_28', 'user_11', 'user_36', 'user_13']","[{'user': 'user_15', 'text': 'Product strategy operation help.'}, {'user': 'user_17', 'text': 'Himself usually significant red concern series yet.'}, {'user': 'user_28', 'text': 'Up employee religious camera risk.'}, {'user': 'user_6', 'text': 'Across wonder girl involve similar.'}]"
user_1,Clear sport thousand notice at.,All term national somebody sell. Again determine new well. No security act unit this car pull line.,https://placekitten.com/989/42,"['user_30', 'user_6', 'user_28', 'user_30', 'user_34', 'user_16', 'user_37', 'user_26', 'user_23', 'user_39', 'user_44', 'user_13', 'user_13', 'user_1', 'user_30', 'user_37', 'user_20', 'user_14', 'user_3', 'user_4', 'user_19', 'user_14', 'user_29', 'user_30', 'user_35', 'user_7', 'user_27', 'user_4', 'user_7', 'user_4', 'user_24']","[{'user': 'user_18', 'text': 'Matter mind bill least.'}, {'user': 'user_11', 'text': 'More attack send station lawyer memory.'}, {'user': 'user_10', 'text': 'Save born police skin.'}]"
user_26,Since generation pay describe.,Happen everybody claim record behavior ok board. Box resource glass garden. According stand big for.,https://picsum.photos/235/646,"['user_23', 'user_2', 'user_35', 'user_17', 'user_33', 'user_14', 'user_32', 'user_42', 'user_26', 'user_27', 'user_14', 'user_2', 'user_8', 'user_42', 'user_28', 'user_19', 'user_25', 'user_39', 'user_23', 'user_30', 'user_21', 'user_6', 'user_6', 'user_41', 'user_18', 'user_42', 'user_8', 'user_5', 'user_40', 'user_26', 'user_30', 'user_39', 'user_36', 'user_43']","[{'user': 'user_16', 'text': 'People factor defense light per century.'}, {'user': 'user_15', 'text': 'Once happy serious future modern size.'}, {'user': 'user_27', 'text': 'Above around same husband.'}, {'user': 'user_17', 'text': 'Represent short knowledge matter party pressure.'}, {'user': 'user_5', 'text': 'Off number professor get there buy former.'}, {'user': 'user_10', 'text': 'There all store scene allow live total.'}]"
user_27,Whatever through candidate eye grow discussion employee.,As impact former he back involve across. Exactly home stop north exist make how.,https://dummyimage.com/492x215,"['user_16', 'user_32', 'user_28', 'user_39', 'user_11', 'user_30', 'user_25', 'user_16', 'user_36', 'user_36', 'user_28', 'user_43', 'user_32', 'user_7', 'user_5', 'user_13', 'user_31', 'user_12', 'user_25', 'user_15', 'user_41', 'user_31', 'user_31', 'user_15', 'user_26', 'user_30', 'user_34', 'user_41', 'user_33', 'user_40']","[{'user': 'user_42', 'text': 'Yourself mind man suffer quickly.'}, {'user': 'user_13', 'text': 'None full own personal.'}, {'user': 'user_25', 'text': 'Movie property receive energy hundred night little live.'}, {'user': 'user_33', 'text': 'Enjoy travel officer surface cultural.'}, {'user': 'user_35', 'text': 'Discuss race investment thousand let.'}, {'user': 'user_11', 'text': 'Whom always weight agent.'}, {'user': 'user_16', 'text': 'Sense view long stop simple open.'}, {'user': 'user_45', 'text': 'Goal just worry determine half man.'}, {'user': 'user_26', 'text': 'Music ok art.'}]"
