username,fullName,email,password,profileImg,coverImg,bio,link,gender,age,followers,following,likedPosts
user_1,Mr. Richard Roberts,gchen@example.org,password123,https://dummyimage.com/323x795,https://picsum.photos/614/221,Television name laugh prove.,http://www.moore.com/,other,24,[],[],[]
user_2,Mary Morris,chenkelsey@example.org,password123,https://picsum.photos/500/605,https://placekitten.com/650/834,Sort under talk economy industry admit.,https://rowe-smith.com/,male,61,[],[],[]
user_3,Samuel Butler,ydavis@example.com,password123,https://dummyimage.com/238x732,https://dummyimage.com/355x963,Avoid west kid window line skill.,https://www.castillo-morris.net/,male,43,[],[],[]
user_4,Kyle Washington MD,vincentross@example.com,password123,https://dummyimage.com/632x896,https://picsum.photos/958/839,Magazine item growth night truth become appear.,http://www.melendez.com/,male,59,[],[],[]
user_5,Christina Lee,royjacob@example.org,password123,https://dummyimage.com/695x641,https://picsum.photos/282/581,Oil financial crime service.,http://campbell.com/,other,65,[],[],[]
user_6,Christopher Graham,ejacobson@example.org,password123,https://placekitten.com/373/570,https://placekitten.com/598/229,And behind recognize thought exactly coach technology.,http://www.vance.org/,male,53,[],[],[]
user_7,Christopher Smith,foxdavid@example.com,password123,https://picsum.photos/432/493,https://picsum.photos/970/294,Work network head rock perform.,https://www.frederick-perez.com/,male,30,[],[],[]
user_8,Susan Austin,garrettsarah@example.net,password123,https://picsum.photos/193/525,https://dummyimage.com/440x596,Network student him common.,https://harris-wilcox.com/,female,36,[],[],[]
user_9,Heather Clark,nwise@example.com,password123,https://dummyimage.com/312x837,https://dummyimage.com/182x464,Among head seem artist.,http://allen.com/,female,44,[],[],[]
user_10,William Thomas,rjones@example.com,password123,https://dummyimage.com/755x522,https://picsum.photos/935/393,Leave drop walk culture eight them run.,http://jackson-parker.com/,male,62,[],[],[]
user_11,April Novak,urodriguez@example.org,password123,https://dummyimage.com/665x62,https://placekitten.com/671/39,Huge area situation understand economic among agree trouble.,https://www.robinson.com/,other,31,[],[],[]
user_12,Laura Sullivan,arodriguez@example.com,password123,https://picsum.photos/135/456,https://placekitten.com/631/644,Rather situation piece how half.,http://wagner-logan.com/,male,36,[],[],[]
user_13,James Rogers,james72@example.org,password123,https://dummyimage.com/907x362,https://picsum.photos/430/984,View decision tax rule culture focus.,http://www.moss.com/,female,29,[],[],[]
user_14,Shannon Hawkins,ethanzhang@example.net,password123,https://dummyimage.com/280x253,https://placekitten.com/202/782,Protect firm son after street myself.,https://garza.biz/,female,27,[],[],[]
user_15,Alex Alexander,mikaylaclark@example.org,password123,https://placekitten.com/160/85,https://placekitten.com/741/902,Ok response attorney those.,http://www.tran.com/,female,58,[],[],[]
user_16,Sandra Mathews,howard20@example.net,password123,https://dummyimage.com/554x422,https://picsum.photos/146/1021,Dark and others create.,http://www.burke.org/,other,45,[],[],[]
user_17,Carolyn Moore,deleonrobert@example.com,password123,https://picsum.photos/497/694,https://placekitten.com/722/991,Nor someone sister send per.,http://www.adams.com/,male,24,[],[],[]
user_18,Christy Mccann,whitecesar@example.org,password123,https://placekitten.com/728/857,https://picsum.photos/873/976,Accept trial off compare man check strong hundred.,https://brock-le.com/,male,53,[],[],[]
user_19,Benjamin Clark,eriktaylor@example.org,password123,https://picsum.photos/747/186,https://picsum.photos/329/532,His create anyone.,http://www.jenkins.net/,female,52,[],[],[]
user_20,Christina Livingston,aligary@example.com,password123,https://dummyimage.com/1006x517,https://placekitten.com/407/807,Deep billion edge trouble.,https://www.murphy-williams.com/,male,46,[],[],[]
user_21,John Vaughn,christophermorrison@example.org,password123,https://picsum.photos/232/500,https://dummyimage.com/551x1015,Alone single property work leg popular member.,http://stevens-moran.com/,male,33,[],[],[]
user_22,Sean Terry,kenneth50@example.net,password123,https://picsum.photos/262/765,https://placekitten.com/354/757,Top mean example view range themselves.,https://www.frazier-kim.com/,other,40,[],[],[]
user_23,Cynthia Simon,wturner@example.com,password123,https://picsum.photos/483/394,https://picsum.photos/766/527,Sometimes trouble building quality this region.,http://scott.info/,female,53,[],[],[]
user_24,Tiffany Day,kochtimothy@example.net,password123,https://dummyimage.com/969x451,https://placekitten.com/859/414,Kitchen manage moment edge.,http://walker-sharp.com/,other,33,[],[],[]
user_25,John Taylor,dana29@example.net,password123,https://picsum.photos/128/498,https://picsum.photos/904/758,Kitchen main coach American sense learn.,http://www.morris.com/,other,59,[],[],[]
user_26,Mark Hunt,stephen35@example.net,password123,https://dummyimage.com/471x121,https://picsum.photos/591/145,Fast art yeah and.,https://rice-fleming.com/,other,30,[],[],[]
user_27,Jason Guzman,nhanson@example.org,password123,https://picsum.photos/961/256,https://placekitten.com/398/837,Possible Congress activity international suffer.,https://hernandez.com/,female,25,[],[],[]
user_28,Brandon Howell,dennis35@example.net,password123,https://picsum.photos/718/114,https://picsum.photos/845/910,Magazine ask issue could although population commercial.,http://gibson.org/,female,47,[],[],[]
user_29,Kristin Johnson,nicholastran@example.net,password123,https://picsum.photos/757/44,https://placekitten.com/703/24,Baby there task hair yeah this next.,http://www.johnston.org/,male,28,[],[],[]
user_30,Stephanie Hamilton,timothy31@example.com,password123,https://dummyimage.com/95x854,https://picsum.photos/106/38,Structure recent both.,http://www.lam.com/,other,61,[],[],[]
user_31,Danielle Montes,xanderson@example.org,password123,https://dummyimage.com/594x473,https://dummyimage.com/357x1,Somebody phone resource view.,http://www.fowler.net/,other,26,[],[],[]
user_32,Gary Hernandez,zwilliams@example.net,password123,https://dummyimage.com/43x105,https://picsum.photos/311/960,Lawyer bank major left bank industry.,https://brown.com/,female,20,[],[],[]
user_33,Anthony Smith,goodwinkayla@example.com,password123,https://dummyimage.com/568x474,https://placekitten.com/244/291,Report perhaps perform north can.,https://www.haley-bennett.com/,female,34,[],[],[]
user_34,Melissa Anderson,xmadden@example.net,password123,https://dummyimage.com/131x601,https://dummyimage.com/419x947,Prove simply professional head field peace Mr.,https://www.mercado-price.info/,female,44,[],[],[]
user_35,Michael Moreno,williamsdonald@example.com,password123,https://placekitten.com/562/529,https://placekitten.com/794/324,Stock course public nature.,http://www.nguyen.com/,male,57,[],[],[]
user_36,John Mckee,jessicadeleon@example.com,password123,https://dummyimage.com/387x609,https://dummyimage.com/1008x404,Good hand across amount.,http://www.james-gregory.biz/,female,47,[],[],[]
user_37,Michael Roberts,johnny11@example.net,password123,https://placekitten.com/121/896,https://dummyimage.com/956x559,Usually ten woman into spring think between analysis.,http://rodgers.com/,female,47,[],[],[]
user_38,Cindy James,bryan10@example.net,password123,https://placekitten.com/446/833,https://picsum.photos/977/392,People sport street.,https://casey.biz/,female,59,[],[],[]
user_39,Benjamin Anderson,michelleramirez@example.org,password123,https://picsum.photos/686/894,https://placekitten.com/312/736,Marriage build institution past society trial.,http://www.baker-frost.com/,other,50,[],[],[]
user_40,Cody Oconnor,qsmith@example.com,password123,https://dummyimage.com/671x481,https://placekitten.com/446/432,Probably project hold often house save whatever.,http://hernandez-ramos.com/,female,54,[],[],[]
user_41,William Collier,samantha54@example.org,password123,https://picsum.photos/932/804,https://placekitten.com/995/1022,Use become such low.,http://lee.com/,male,35,[],[],[]
user_42,Angela Daniels,thomas50@example.org,password123,https://dummyimage.com/665x444,https://placekitten.com/197/643,Fill present long class market painting lawyer.,http://thomas-williams.org/,other,43,[],[],[]
user_43,James Brock,rgamble@example.com,password123,https://dummyimage.com/496x7,https://placekitten.com/143/951,Collection tax name page high usually will.,http://webster-turner.net/,female,33,[],[],[]
user_44,Jennifer Parker,abigailcoleman@example.org,password123,https://dummyimage.com/882x143,https://dummyimage.com/281x533,Seek ever knowledge represent ask.,http://www.turner.info/,female,52,[],[],[]
user_45,Gregory Lewis,woodjennifer@example.org,password123,https://dummyimage.com/884x146,https://placekitten.com/409/1002,Trial expect outside air act.,http://mann-rogers.com/,other,26,[],[],[]
user_46,Lisa Burns,herrerajessica@example.org,password123,https://picsum.photos/178/414,https://picsum.photos/913/343,According something trial book.,https://www.jimenez-ellis.com/,female,58,[],[],[]
